"Date","Source","Site ID","POC","Daily Mean PM10 Concentration","UNITS","DAILY_AQI_VALUE","Site Name","DAILY_OBS_COUNT","PERCENT_COMPLETE","AQS_PARAMETER_CODE","AQS_PARAMETER_DESC","CBSA_CODE","CBSA_NAME","STATE_CODE","STATE","COUNTY_CODE","COUNTY","SITE_LATITUDE","SITE_LONGITUDE"
"01/06/2023","AQS","340171003","2","7","ug/m3 SC","6","Jersey City Firehouse","1","100.0000","81102","PM10 Total 0-10um STP","35620","New York-Newark-Jersey City, NY-NJ-PA","34","New Jersey","017","Hudson","40.725413","-74.052293"
"01/12/2023","AQS","340171003","2","14","ug/m3 SC","13","Jersey City Firehouse","1","100.0000","81102","PM10 Total 0-10um STP","35620","New York-Newark-Jersey City, NY-NJ-PA","34","New Jersey","017","Hudson","40.725413","-74.052293"
"01/18/2023","AQS","340171003","2","12","ug/m3 SC","11","Jersey City Firehouse","1","100.0000","81102","PM10 Total 0-10um STP","35620","New York-Newark-Jersey City, NY-NJ-PA","34","New Jersey","017","Hudson","40.725413","-74.052293"
"01/24/2023","AQS","340171003","2","7","ug/m3 SC","6","Jersey City Firehouse","1","100.0000","81102","PM10 Total 0-10um STP","35620","New York-Newark-Jersey City, NY-NJ-PA","34","New Jersey","017","Hudson","40.725413","-74.052293"
"01/30/2023","AQS","340171003","2","20","ug/m3 SC","19","Jersey City Firehouse","1","100.0000","81102","PM10 Total 0-10um STP","35620","New York-Newark-Jersey City, NY-NJ-PA","34","New Jersey","017","Hudson","40.725413","-74.052293"
"02/05/2023","AQS","340171003","2","16","ug/m3 SC","15","Jersey City Firehouse","1","100.0000","81102","PM10 Total 0-10um STP","35620","New York-Newark-Jersey City, NY-NJ-PA","34","New Jersey","017","Hudson","40.725413","-74.052293"
"02/11/2023","AQS","340171003","2","7","ug/m3 SC","6","Jersey City Firehouse","1","100.0000","81102","PM10 Total 0-10um STP","35620","New York-Newark-Jersey City, NY-NJ-PA","34","New Jersey","017","Hudson","40.725413","-74.052293"
"02/17/2023","AQS","340171003","2","11","ug/m3 SC","10","Jersey City Firehouse","1","100.0000","81102","PM10 Total 0-10um STP","35620","New York-Newark-Jersey City, NY-NJ-PA","34","New Jersey","017","Hudson","40.725413","-74.052293"
"02/23/2023","AQS","340171003","2","13","ug/m3 SC","12","Jersey City Firehouse","1","100.0000","81102","PM10 Total 0-10um STP","35620","New York-Newark-Jersey City, NY-NJ-PA","34","New Jersey","017","Hudson","40.725413","-74.052293"
"03/01/2023","AQS","340171003","2","14","ug/m3 SC","13","Jersey City Firehouse","1","100.0000","81102","PM10 Total 0-10um STP","35620","New York-Newark-Jersey City, NY-NJ-PA","34","New Jersey","017","Hudson","40.725413","-74.052293"
"03/07/2023","AQS","340171003","2","10","ug/m3 SC","9","Jersey City Firehouse","1","100.0000","81102","PM10 Total 0-10um STP","35620","New York-Newark-Jersey City, NY-NJ-PA","34","New Jersey","017","Hudson","40.725413","-74.052293"
"03/13/2023","AQS","340171003","2","9","ug/m3 SC","8","Jersey City Firehouse","1","100.0000","81102","PM10 Total 0-10um STP","35620","New York-Newark-Jersey City, NY-NJ-PA","34","New Jersey","017","Hudson","40.725413","-74.052293"
"03/19/2023","AQS","340171003","2","5","ug/m3 SC","5","Jersey City Firehouse","1","100.0000","81102","PM10 Total 0-10um STP","35620","New York-Newark-Jersey City, NY-NJ-PA","34","New Jersey","017","Hudson","40.725413","-74.052293"
"03/25/2023","AQS","340171003","2","13","ug/m3 SC","12","Jersey City Firehouse","1","100.0000","81102","PM10 Total 0-10um STP","35620","New York-Newark-Jersey City, NY-NJ-PA","34","New Jersey","017","Hudson","40.725413","-74.052293"
"03/31/2023","AQS","340171003","2","22","ug/m3 SC","20","Jersey City Firehouse","1","100.0000","81102","PM10 Total 0-10um STP","35620","New York-Newark-Jersey City, NY-NJ-PA","34","New Jersey","017","Hudson","40.725413","-74.052293"
"04/12/2023","AQS","340171003","2","33","ug/m3 SC","31","Jersey City Firehouse","1","100.0000","81102","PM10 Total 0-10um STP","35620","New York-Newark-Jersey City, NY-NJ-PA","34","New Jersey","017","Hudson","40.725413","-74.052293"
"04/18/2023","AQS","340171003","2","12","ug/m3 SC","11","Jersey City Firehouse","1","100.0000","81102","PM10 Total 0-10um STP","35620","New York-Newark-Jersey City, NY-NJ-PA","34","New Jersey","017","Hudson","40.725413","-74.052293"
"04/24/2023","AQS","340171003","2","7","ug/m3 SC","6","Jersey City Firehouse","1","100.0000","81102","PM10 Total 0-10um STP","35620","New York-Newark-Jersey City, NY-NJ-PA","34","New Jersey","017","Hudson","40.725413","-74.052293"
"04/30/2023","AQS","340171003","2","4","ug/m3 SC","4","Jersey City Firehouse","1","100.0000","81102","PM10 Total 0-10um STP","35620","New York-Newark-Jersey City, NY-NJ-PA","34","New Jersey","017","Hudson","40.725413","-74.052293"
"05/06/2023","AQS","340171003","2","12","ug/m3 SC","11","Jersey City Firehouse","1","100.0000","81102","PM10 Total 0-10um STP","35620","New York-Newark-Jersey City, NY-NJ-PA","34","New Jersey","017","Hudson","40.725413","-74.052293"
"05/12/2023","AQS","340171003","2","33","ug/m3 SC","31","Jersey City Firehouse","1","100.0000","81102","PM10 Total 0-10um STP","35620","New York-Newark-Jersey City, NY-NJ-PA","34","New Jersey","017","Hudson","40.725413","-74.052293"
"05/18/2023","AQS","340171003","2","21","ug/m3 SC","19","Jersey City Firehouse","1","100.0000","81102","PM10 Total 0-10um STP","35620","New York-Newark-Jersey City, NY-NJ-PA","34","New Jersey","017","Hudson","40.725413","-74.052293"
"05/24/2023","AQS","340171003","2","21","ug/m3 SC","19","Jersey City Firehouse","1","100.0000","81102","PM10 Total 0-10um STP","35620","New York-Newark-Jersey City, NY-NJ-PA","34","New Jersey","017","Hudson","40.725413","-74.052293"
"05/30/2023","AQS","340171003","2","24","ug/m3 SC","22","Jersey City Firehouse","1","100.0000","81102","PM10 Total 0-10um STP","35620","New York-Newark-Jersey City, NY-NJ-PA","34","New Jersey","017","Hudson","40.725413","-74.052293"
"06/05/2023","AQS","340171003","2","20","ug/m3 SC","19","Jersey City Firehouse","1","100.0000","81102","PM10 Total 0-10um STP","35620","New York-Newark-Jersey City, NY-NJ-PA","34","New Jersey","017","Hudson","40.725413","-74.052293"
"06/11/2023","AQS","340171003","2","33","ug/m3 SC","31","Jersey City Firehouse","1","100.0000","81102","PM10 Total 0-10um STP","35620","New York-Newark-Jersey City, NY-NJ-PA","34","New Jersey","017","Hudson","40.725413","-74.052293"
"06/17/2023","AQS","340171003","2","30","ug/m3 SC","28","Jersey City Firehouse","1","100.0000","81102","PM10 Total 0-10um STP","35620","New York-Newark-Jersey City, NY-NJ-PA","34","New Jersey","017","Hudson","40.725413","-74.052293"
"06/23/2023","AQS","340171003","2","13","ug/m3 SC","12","Jersey City Firehouse","1","100.0000","81102","PM10 Total 0-10um STP","35620","New York-Newark-Jersey City, NY-NJ-PA","34","New Jersey","017","Hudson","40.725413","-74.052293"
"06/29/2023","AQS","340171003","2","41","ug/m3 SC","38","Jersey City Firehouse","1","100.0000","81102","PM10 Total 0-10um STP","35620","New York-Newark-Jersey City, NY-NJ-PA","34","New Jersey","017","Hudson","40.725413","-74.052293"
"01/06/2023","AQS","340171003","3","8","ug/m3 SC","7","Jersey City Firehouse","1","100.0000","81102","PM10 Total 0-10um STP","35620","New York-Newark-Jersey City, NY-NJ-PA","34","New Jersey","017","Hudson","40.725413","-74.052293"
"01/12/2023","AQS","340171003","3","15","ug/m3 SC","14","Jersey City Firehouse","1","100.0000","81102","PM10 Total 0-10um STP","35620","New York-Newark-Jersey City, NY-NJ-PA","34","New Jersey","017","Hudson","40.725413","-74.052293"
"02/05/2023","AQS","340171003","3","19","ug/m3 SC","18","Jersey City Firehouse","1","100.0000","81102","PM10 Total 0-10um STP","35620","New York-Newark-Jersey City, NY-NJ-PA","34","New Jersey","017","Hudson","40.725413","-74.052293"
"02/11/2023","AQS","340171003","3","8","ug/m3 SC","7","Jersey City Firehouse","1","100.0000","81102","PM10 Total 0-10um STP","35620","New York-Newark-Jersey City, NY-NJ-PA","34","New Jersey","017","Hudson","40.725413","-74.052293"
"02/17/2023","AQS","340171003","3","11","ug/m3 SC","10","Jersey City Firehouse","1","100.0000","81102","PM10 Total 0-10um STP","35620","New York-Newark-Jersey City, NY-NJ-PA","34","New Jersey","017","Hudson","40.725413","-74.052293"
"02/23/2023","AQS","340171003","3","15","ug/m3 SC","14","Jersey City Firehouse","1","100.0000","81102","PM10 Total 0-10um STP","35620","New York-Newark-Jersey City, NY-NJ-PA","34","New Jersey","017","Hudson","40.725413","-74.052293"
"03/01/2023","AQS","340171003","3","14","ug/m3 SC","13","Jersey City Firehouse","1","100.0000","81102","PM10 Total 0-10um STP","35620","New York-Newark-Jersey City, NY-NJ-PA","34","New Jersey","017","Hudson","40.725413","-74.052293"
"03/07/2023","AQS","340171003","3","9","ug/m3 SC","8","Jersey City Firehouse","1","100.0000","81102","PM10 Total 0-10um STP","35620","New York-Newark-Jersey City, NY-NJ-PA","34","New Jersey","017","Hudson","40.725413","-74.052293"
"03/13/2023","AQS","340171003","3","10","ug/m3 SC","9","Jersey City Firehouse","1","100.0000","81102","PM10 Total 0-10um STP","35620","New York-Newark-Jersey City, NY-NJ-PA","34","New Jersey","017","Hudson","40.725413","-74.052293"
"03/19/2023","AQS","340171003","3","6","ug/m3 SC","6","Jersey City Firehouse","1","100.0000","81102","PM10 Total 0-10um STP","35620","New York-Newark-Jersey City, NY-NJ-PA","34","New Jersey","017","Hudson","40.725413","-74.052293"
"03/25/2023","AQS","340171003","3","11","ug/m3 SC","10","Jersey City Firehouse","1","100.0000","81102","PM10 Total 0-10um STP","35620","New York-Newark-Jersey City, NY-NJ-PA","34","New Jersey","017","Hudson","40.725413","-74.052293"
"03/31/2023","AQS","340171003","3","22","ug/m3 SC","20","Jersey City Firehouse","1","100.0000","81102","PM10 Total 0-10um STP","35620","New York-Newark-Jersey City, NY-NJ-PA","34","New Jersey","017","Hudson","40.725413","-74.052293"
"04/12/2023","AQS","340171003","3","33","ug/m3 SC","31","Jersey City Firehouse","1","100.0000","81102","PM10 Total 0-10um STP","35620","New York-Newark-Jersey City, NY-NJ-PA","34","New Jersey","017","Hudson","40.725413","-74.052293"
"04/18/2023","AQS","340171003","3","11","ug/m3 SC","10","Jersey City Firehouse","1","100.0000","81102","PM10 Total 0-10um STP","35620","New York-Newark-Jersey City, NY-NJ-PA","34","New Jersey","017","Hudson","40.725413","-74.052293"
"04/24/2023","AQS","340171003","3","7","ug/m3 SC","6","Jersey City Firehouse","1","100.0000","81102","PM10 Total 0-10um STP","35620","New York-Newark-Jersey City, NY-NJ-PA","34","New Jersey","017","Hudson","40.725413","-74.052293"
"04/30/2023","AQS","340171003","3","5","ug/m3 SC","5","Jersey City Firehouse","1","100.0000","81102","PM10 Total 0-10um STP","35620","New York-Newark-Jersey City, NY-NJ-PA","34","New Jersey","017","Hudson","40.725413","-74.052293"
"05/06/2023","AQS","340171003","3","12","ug/m3 SC","11","Jersey City Firehouse","1","100.0000","81102","PM10 Total 0-10um STP","35620","New York-Newark-Jersey City, NY-NJ-PA","34","New Jersey","017","Hudson","40.725413","-74.052293"
"05/12/2023","AQS","340171003","3","33","ug/m3 SC","31","Jersey City Firehouse","1","100.0000","81102","PM10 Total 0-10um STP","35620","New York-Newark-Jersey City, NY-NJ-PA","34","New Jersey","017","Hudson","40.725413","-74.052293"
"05/18/2023","AQS","340171003","3","16","ug/m3 SC","15","Jersey City Firehouse","1","100.0000","81102","PM10 Total 0-10um STP","35620","New York-Newark-Jersey City, NY-NJ-PA","34","New Jersey","017","Hudson","40.725413","-74.052293"
"05/24/2023","AQS","340171003","3","22","ug/m3 SC","20","Jersey City Firehouse","1","100.0000","81102","PM10 Total 0-10um STP","35620","New York-Newark-Jersey City, NY-NJ-PA","34","New Jersey","017","Hudson","40.725413","-74.052293"
"05/30/2023","AQS","340171003","3","26","ug/m3 SC","24","Jersey City Firehouse","1","100.0000","81102","PM10 Total 0-10um STP","35620","New York-Newark-Jersey City, NY-NJ-PA","34","New Jersey","017","Hudson","40.725413","-74.052293"
"06/05/2023","AQS","340171003","3","20","ug/m3 SC","19","Jersey City Firehouse","1","100.0000","81102","PM10 Total 0-10um STP","35620","New York-Newark-Jersey City, NY-NJ-PA","34","New Jersey","017","Hudson","40.725413","-74.052293"
"01/06/2023","AQS","360050110","3","9","ug/m3 SC","8","IS 52","1","100.0000","81102","PM10 Total 0-10um STP","35620","New York-Newark-Jersey City, NY-NJ-PA","36","New York","005","Bronx","40.816","-73.902"
"01/12/2023","AQS","360050110","3","12","ug/m3 SC","11","IS 52","1","100.0000","81102","PM10 Total 0-10um STP","35620","New York-Newark-Jersey City, NY-NJ-PA","36","New York","005","Bronx","40.816","-73.902"
"01/18/2023","AQS","360050110","3","9","ug/m3 SC","8","IS 52","1","100.0000","81102","PM10 Total 0-10um STP","35620","New York-Newark-Jersey City, NY-NJ-PA","36","New York","005","Bronx","40.816","-73.902"
"01/24/2023","AQS","360050110","3","6","ug/m3 SC","6","IS 52","1","100.0000","81102","PM10 Total 0-10um STP","35620","New York-Newark-Jersey City, NY-NJ-PA","36","New York","005","Bronx","40.816","-73.902"
"01/30/2023","AQS","360050110","3","18","ug/m3 SC","17","IS 52","1","100.0000","81102","PM10 Total 0-10um STP","35620","New York-Newark-Jersey City, NY-NJ-PA","36","New York","005","Bronx","40.816","-73.902"
"02/05/2023","AQS","360050110","3","17","ug/m3 SC","16","IS 52","1","100.0000","81102","PM10 Total 0-10um STP","35620","New York-Newark-Jersey City, NY-NJ-PA","36","New York","005","Bronx","40.816","-73.902"
"02/11/2023","AQS","360050110","3","4","ug/m3 SC","4","IS 52","1","100.0000","81102","PM10 Total 0-10um STP","35620","New York-Newark-Jersey City, NY-NJ-PA","36","New York","005","Bronx","40.816","-73.902"
"02/17/2023","AQS","360050110","3","12","ug/m3 SC","11","IS 52","1","100.0000","81102","PM10 Total 0-10um STP","35620","New York-Newark-Jersey City, NY-NJ-PA","36","New York","005","Bronx","40.816","-73.902"
"02/23/2023","AQS","360050110","3","8","ug/m3 SC","7","IS 52","1","100.0000","81102","PM10 Total 0-10um STP","35620","New York-Newark-Jersey City, NY-NJ-PA","36","New York","005","Bronx","40.816","-73.902"
"03/01/2023","AQS","360050110","3","9","ug/m3 SC","8","IS 52","1","100.0000","81102","PM10 Total 0-10um STP","35620","New York-Newark-Jersey City, NY-NJ-PA","36","New York","005","Bronx","40.816","-73.902"
"03/07/2023","AQS","360050110","3","5","ug/m3 SC","5","IS 52","1","100.0000","81102","PM10 Total 0-10um STP","35620","New York-Newark-Jersey City, NY-NJ-PA","36","New York","005","Bronx","40.816","-73.902"
"03/13/2023","AQS","360050110","3","10","ug/m3 SC","9","IS 52","1","100.0000","81102","PM10 Total 0-10um STP","35620","New York-Newark-Jersey City, NY-NJ-PA","36","New York","005","Bronx","40.816","-73.902"
"03/19/2023","AQS","360050110","3","4","ug/m3 SC","4","IS 52","1","100.0000","81102","PM10 Total 0-10um STP","35620","New York-Newark-Jersey City, NY-NJ-PA","36","New York","005","Bronx","40.816","-73.902"
"03/25/2023","AQS","360050110","3","7","ug/m3 SC","6","IS 52","1","100.0000","81102","PM10 Total 0-10um STP","35620","New York-Newark-Jersey City, NY-NJ-PA","36","New York","005","Bronx","40.816","-73.902"
"03/31/2023","AQS","360050110","3","23","ug/m3 SC","21","IS 52","1","100.0000","81102","PM10 Total 0-10um STP","35620","New York-Newark-Jersey City, NY-NJ-PA","36","New York","005","Bronx","40.816","-73.902"
"04/06/2023","AQS","360050110","3","19","ug/m3 SC","18","IS 52","1","100.0000","81102","PM10 Total 0-10um STP","35620","New York-Newark-Jersey City, NY-NJ-PA","36","New York","005","Bronx","40.816","-73.902"
"04/12/2023","AQS","360050110","3","24","ug/m3 SC","22","IS 52","1","100.0000","81102","PM10 Total 0-10um STP","35620","New York-Newark-Jersey City, NY-NJ-PA","36","New York","005","Bronx","40.816","-73.902"
"04/18/2023","AQS","360050110","3","8","ug/m3 SC","7","IS 52","1","100.0000","81102","PM10 Total 0-10um STP","35620","New York-Newark-Jersey City, NY-NJ-PA","36","New York","005","Bronx","40.816","-73.902"
"04/24/2023","AQS","360050110","3","6","ug/m3 SC","6","IS 52","1","100.0000","81102","PM10 Total 0-10um STP","35620","New York-Newark-Jersey City, NY-NJ-PA","36","New York","005","Bronx","40.816","-73.902"
"04/30/2023","AQS","360050110","3","3","ug/m3 SC","3","IS 52","1","100.0000","81102","PM10 Total 0-10um STP","35620","New York-Newark-Jersey City, NY-NJ-PA","36","New York","005","Bronx","40.816","-73.902"
"05/06/2023","AQS","360050110","3","9","ug/m3 SC","8","IS 52","1","100.0000","81102","PM10 Total 0-10um STP","35620","New York-Newark-Jersey City, NY-NJ-PA","36","New York","005","Bronx","40.816","-73.902"
"05/12/2023","AQS","360050110","3","23","ug/m3 SC","21","IS 52","1","100.0000","81102","PM10 Total 0-10um STP","35620","New York-Newark-Jersey City, NY-NJ-PA","36","New York","005","Bronx","40.816","-73.902"
"05/18/2023","AQS","360050110","3","12","ug/m3 SC","11","IS 52","1","100.0000","81102","PM10 Total 0-10um STP","35620","New York-Newark-Jersey City, NY-NJ-PA","36","New York","005","Bronx","40.816","-73.902"
"05/24/2023","AQS","360050110","3","19","ug/m3 SC","18","IS 52","1","100.0000","81102","PM10 Total 0-10um STP","35620","New York-Newark-Jersey City, NY-NJ-PA","36","New York","005","Bronx","40.816","-73.902"
"05/30/2023","AQS","360050110","3","20","ug/m3 SC","19","IS 52","1","100.0000","81102","PM10 Total 0-10um STP","35620","New York-Newark-Jersey City, NY-NJ-PA","36","New York","005","Bronx","40.816","-73.902"
"06/05/2023","AQS","360050110","3","14","ug/m3 SC","13","IS 52","1","100.0000","81102","PM10 Total 0-10um STP","35620","New York-Newark-Jersey City, NY-NJ-PA","36","New York","005","Bronx","40.816","-73.902"
"06/11/2023","AQS","360050110","3","33","ug/m3 SC","31","IS 52","1","100.0000","81102","PM10 Total 0-10um STP","35620","New York-Newark-Jersey City, NY-NJ-PA","36","New York","005","Bronx","40.816","-73.902"
"06/17/2023","AQS","360050110","3","26","ug/m3 SC","24","IS 52","1","100.0000","81102","PM10 Total 0-10um STP","35620","New York-Newark-Jersey City, NY-NJ-PA","36","New York","005","Bronx","40.816","-73.902"
"06/23/2023","AQS","360050110","3","14","ug/m3 SC","13","IS 52","1","100.0000","81102","PM10 Total 0-10um STP","35620","New York-Newark-Jersey City, NY-NJ-PA","36","New York","005","Bronx","40.816","-73.902"
"06/29/2023","AQS","360050110","3","37","ug/m3 SC","34","IS 52","1","100.0000","81102","PM10 Total 0-10um STP","35620","New York-Newark-Jersey City, NY-NJ-PA","36","New York","005","Bronx","40.816","-73.902"
"07/05/2023","AQS","360050110","3","30","ug/m3 SC","28","IS 52","1","100.0000","81102","PM10 Total 0-10um STP","35620","New York-Newark-Jersey City, NY-NJ-PA","36","New York","005","Bronx","40.816","-73.902"
"07/11/2023","AQS","360050110","3","16","ug/m3 SC","15","IS 52","1","100.0000","81102","PM10 Total 0-10um STP","35620","New York-Newark-Jersey City, NY-NJ-PA","36","New York","005","Bronx","40.816","-73.902"
"07/17/2023","AQS","360050110","3","26","ug/m3 SC","24","IS 52","1","100.0000","81102","PM10 Total 0-10um STP","35620","New York-Newark-Jersey City, NY-NJ-PA","36","New York","005","Bronx","40.816","-73.902"
"07/23/2023","AQS","360050110","3","14","ug/m3 SC","13","IS 52","1","100.0000","81102","PM10 Total 0-10um STP","35620","New York-Newark-Jersey City, NY-NJ-PA","36","New York","005","Bronx","40.816","-73.902"
"07/29/2023","AQS","360050110","3","12","ug/m3 SC","11","IS 52","1","100.0000","81102","PM10 Total 0-10um STP","35620","New York-Newark-Jersey City, NY-NJ-PA","36","New York","005","Bronx","40.816","-73.902"
"08/10/2023","AQS","360050110","3","22","ug/m3 SC","20","IS 52","1","100.0000","81102","PM10 Total 0-10um STP","35620","New York-Newark-Jersey City, NY-NJ-PA","36","New York","005","Bronx","40.816","-73.902"
"08/16/2023","AQS","360050110","3","9","ug/m3 SC","8","IS 52","1","100.0000","81102","PM10 Total 0-10um STP","35620","New York-Newark-Jersey City, NY-NJ-PA","36","New York","005","Bronx","40.816","-73.902"
"08/22/2023","AQS","360050110","3","14","ug/m3 SC","13","IS 52","1","100.0000","81102","PM10 Total 0-10um STP","35620","New York-Newark-Jersey City, NY-NJ-PA","36","New York","005","Bronx","40.816","-73.902"
"08/28/2023","AQS","360050110","3","12","ug/m3 SC","11","IS 52","1","100.0000","81102","PM10 Total 0-10um STP","35620","New York-Newark-Jersey City, NY-NJ-PA","36","New York","005","Bronx","40.816","-73.902"
"09/03/2023","AQS","360050110","3","17","ug/m3 SC","16","IS 52","1","100.0000","81102","PM10 Total 0-10um STP","35620","New York-Newark-Jersey City, NY-NJ-PA","36","New York","005","Bronx","40.816","-73.902"
"09/09/2023","AQS","360050110","3","23","ug/m3 SC","21","IS 52","1","100.0000","81102","PM10 Total 0-10um STP","35620","New York-Newark-Jersey City, NY-NJ-PA","36","New York","005","Bronx","40.816","-73.902"
"09/15/2023","AQS","360050110","3","8","ug/m3 SC","7","IS 52","1","100.0000","81102","PM10 Total 0-10um STP","35620","New York-Newark-Jersey City, NY-NJ-PA","36","New York","005","Bronx","40.816","-73.902"
"09/21/2023","AQS","360050110","3","11","ug/m3 SC","10","IS 52","1","100.0000","81102","PM10 Total 0-10um STP","35620","New York-Newark-Jersey City, NY-NJ-PA","36","New York","005","Bronx","40.816","-73.902"
"01/06/2023","AQS","360050110","5","9","ug/m3 SC","8","IS 52","1","100.0000","81102","PM10 Total 0-10um STP","35620","New York-Newark-Jersey City, NY-NJ-PA","36","New York","005","Bronx","40.816","-73.902"
"01/12/2023","AQS","360050110","5","13","ug/m3 SC","12","IS 52","1","100.0000","81102","PM10 Total 0-10um STP","35620","New York-Newark-Jersey City, NY-NJ-PA","36","New York","005","Bronx","40.816","-73.902"
"01/18/2023","AQS","360050110","5","9","ug/m3 SC","8","IS 52","1","100.0000","81102","PM10 Total 0-10um STP","35620","New York-Newark-Jersey City, NY-NJ-PA","36","New York","005","Bronx","40.816","-73.902"
"01/24/2023","AQS","360050110","5","5","ug/m3 SC","5","IS 52","1","100.0000","81102","PM10 Total 0-10um STP","35620","New York-Newark-Jersey City, NY-NJ-PA","36","New York","005","Bronx","40.816","-73.902"
"01/30/2023","AQS","360050110","5","17","ug/m3 SC","16","IS 52","1","100.0000","81102","PM10 Total 0-10um STP","35620","New York-Newark-Jersey City, NY-NJ-PA","36","New York","005","Bronx","40.816","-73.902"
"02/05/2023","AQS","360050110","5","18","ug/m3 SC","17","IS 52","1","100.0000","81102","PM10 Total 0-10um STP","35620","New York-Newark-Jersey City, NY-NJ-PA","36","New York","005","Bronx","40.816","-73.902"
"02/11/2023","AQS","360050110","5","5","ug/m3 SC","5","IS 52","1","100.0000","81102","PM10 Total 0-10um STP","35620","New York-Newark-Jersey City, NY-NJ-PA","36","New York","005","Bronx","40.816","-73.902"
"02/17/2023","AQS","360050110","5","12","ug/m3 SC","11","IS 52","1","100.0000","81102","PM10 Total 0-10um STP","35620","New York-Newark-Jersey City, NY-NJ-PA","36","New York","005","Bronx","40.816","-73.902"
"02/23/2023","AQS","360050110","5","7","ug/m3 SC","6","IS 52","1","100.0000","81102","PM10 Total 0-10um STP","35620","New York-Newark-Jersey City, NY-NJ-PA","36","New York","005","Bronx","40.816","-73.902"
"03/01/2023","AQS","360050110","5","11","ug/m3 SC","10","IS 52","1","100.0000","81102","PM10 Total 0-10um STP","35620","New York-Newark-Jersey City, NY-NJ-PA","36","New York","005","Bronx","40.816","-73.902"
"03/07/2023","AQS","360050110","5","5","ug/m3 SC","5","IS 52","1","100.0000","81102","PM10 Total 0-10um STP","35620","New York-Newark-Jersey City, NY-NJ-PA","36","New York","005","Bronx","40.816","-73.902"
"03/13/2023","AQS","360050110","5","10","ug/m3 SC","9","IS 52","1","100.0000","81102","PM10 Total 0-10um STP","35620","New York-Newark-Jersey City, NY-NJ-PA","36","New York","005","Bronx","40.816","-73.902"
"03/19/2023","AQS","360050110","5","4","ug/m3 SC","4","IS 52","1","100.0000","81102","PM10 Total 0-10um STP","35620","New York-Newark-Jersey City, NY-NJ-PA","36","New York","005","Bronx","40.816","-73.902"
"03/25/2023","AQS","360050110","5","8","ug/m3 SC","7","IS 52","1","100.0000","81102","PM10 Total 0-10um STP","35620","New York-Newark-Jersey City, NY-NJ-PA","36","New York","005","Bronx","40.816","-73.902"
"03/31/2023","AQS","360050110","5","22","ug/m3 SC","20","IS 52","1","100.0000","81102","PM10 Total 0-10um STP","35620","New York-Newark-Jersey City, NY-NJ-PA","36","New York","005","Bronx","40.816","-73.902"
"04/06/2023","AQS","360050110","5","19","ug/m3 SC","18","IS 52","1","100.0000","81102","PM10 Total 0-10um STP","35620","New York-Newark-Jersey City, NY-NJ-PA","36","New York","005","Bronx","40.816","-73.902"
"04/12/2023","AQS","360050110","5","23","ug/m3 SC","21","IS 52","1","100.0000","81102","PM10 Total 0-10um STP","35620","New York-Newark-Jersey City, NY-NJ-PA","36","New York","005","Bronx","40.816","-73.902"
"04/18/2023","AQS","360050110","5","6","ug/m3 SC","6","IS 52","1","100.0000","81102","PM10 Total 0-10um STP","35620","New York-Newark-Jersey City, NY-NJ-PA","36","New York","005","Bronx","40.816","-73.902"
"04/24/2023","AQS","360050110","5","7","ug/m3 SC","6","IS 52","1","100.0000","81102","PM10 Total 0-10um STP","35620","New York-Newark-Jersey City, NY-NJ-PA","36","New York","005","Bronx","40.816","-73.902"
"04/30/2023","AQS","360050110","5","3","ug/m3 SC","3","IS 52","1","100.0000","81102","PM10 Total 0-10um STP","35620","New York-Newark-Jersey City, NY-NJ-PA","36","New York","005","Bronx","40.816","-73.902"
"05/06/2023","AQS","360050110","5","9","ug/m3 SC","8","IS 52","1","100.0000","81102","PM10 Total 0-10um STP","35620","New York-Newark-Jersey City, NY-NJ-PA","36","New York","005","Bronx","40.816","-73.902"
"05/12/2023","AQS","360050110","5","25","ug/m3 SC","23","IS 52","1","100.0000","81102","PM10 Total 0-10um STP","35620","New York-Newark-Jersey City, NY-NJ-PA","36","New York","005","Bronx","40.816","-73.902"
"05/18/2023","AQS","360050110","5","13","ug/m3 SC","12","IS 52","1","100.0000","81102","PM10 Total 0-10um STP","35620","New York-Newark-Jersey City, NY-NJ-PA","36","New York","005","Bronx","40.816","-73.902"
"05/24/2023","AQS","360050110","5","20","ug/m3 SC","19","IS 52","1","100.0000","81102","PM10 Total 0-10um STP","35620","New York-Newark-Jersey City, NY-NJ-PA","36","New York","005","Bronx","40.816","-73.902"
"05/30/2023","AQS","360050110","5","20","ug/m3 SC","19","IS 52","1","100.0000","81102","PM10 Total 0-10um STP","35620","New York-Newark-Jersey City, NY-NJ-PA","36","New York","005","Bronx","40.816","-73.902"
"06/05/2023","AQS","360050110","5","15","ug/m3 SC","14","IS 52","1","100.0000","81102","PM10 Total 0-10um STP","35620","New York-Newark-Jersey City, NY-NJ-PA","36","New York","005","Bronx","40.816","-73.902"
"06/11/2023","AQS","360050110","5","33","ug/m3 SC","31","IS 52","1","100.0000","81102","PM10 Total 0-10um STP","35620","New York-Newark-Jersey City, NY-NJ-PA","36","New York","005","Bronx","40.816","-73.902"
"06/17/2023","AQS","360050110","5","26","ug/m3 SC","24","IS 52","1","100.0000","81102","PM10 Total 0-10um STP","35620","New York-Newark-Jersey City, NY-NJ-PA","36","New York","005","Bronx","40.816","-73.902"
"06/23/2023","AQS","360050110","5","15","ug/m3 SC","14","IS 52","1","100.0000","81102","PM10 Total 0-10um STP","35620","New York-Newark-Jersey City, NY-NJ-PA","36","New York","005","Bronx","40.816","-73.902"
"06/29/2023","AQS","360050110","5","36","ug/m3 SC","33","IS 52","1","100.0000","81102","PM10 Total 0-10um STP","35620","New York-Newark-Jersey City, NY-NJ-PA","36","New York","005","Bronx","40.816","-73.902"
"07/05/2023","AQS","360050110","5","31","ug/m3 SC","29","IS 52","1","100.0000","81102","PM10 Total 0-10um STP","35620","New York-Newark-Jersey City, NY-NJ-PA","36","New York","005","Bronx","40.816","-73.902"
"07/11/2023","AQS","360050110","5","17","ug/m3 SC","16","IS 52","1","100.0000","81102","PM10 Total 0-10um STP","35620","New York-Newark-Jersey City, NY-NJ-PA","36","New York","005","Bronx","40.816","-73.902"
"07/17/2023","AQS","360050110","5","26","ug/m3 SC","24","IS 52","1","100.0000","81102","PM10 Total 0-10um STP","35620","New York-Newark-Jersey City, NY-NJ-PA","36","New York","005","Bronx","40.816","-73.902"
"07/23/2023","AQS","360050110","5","14","ug/m3 SC","13","IS 52","1","100.0000","81102","PM10 Total 0-10um STP","35620","New York-Newark-Jersey City, NY-NJ-PA","36","New York","005","Bronx","40.816","-73.902"
"07/29/2023","AQS","360050110","5","12","ug/m3 SC","11","IS 52","1","100.0000","81102","PM10 Total 0-10um STP","35620","New York-Newark-Jersey City, NY-NJ-PA","36","New York","005","Bronx","40.816","-73.902"
"08/04/2023","AQS","360050110","5","19","ug/m3 SC","18","IS 52","1","100.0000","81102","PM10 Total 0-10um STP","35620","New York-Newark-Jersey City, NY-NJ-PA","36","New York","005","Bronx","40.816","-73.902"
"08/10/2023","AQS","360050110","5","21","ug/m3 SC","19","IS 52","1","100.0000","81102","PM10 Total 0-10um STP","35620","New York-Newark-Jersey City, NY-NJ-PA","36","New York","005","Bronx","40.816","-73.902"
"08/16/2023","AQS","360050110","5","8","ug/m3 SC","7","IS 52","1","100.0000","81102","PM10 Total 0-10um STP","35620","New York-Newark-Jersey City, NY-NJ-PA","36","New York","005","Bronx","40.816","-73.902"
"08/22/2023","AQS","360050110","5","15","ug/m3 SC","14","IS 52","1","100.0000","81102","PM10 Total 0-10um STP","35620","New York-Newark-Jersey City, NY-NJ-PA","36","New York","005","Bronx","40.816","-73.902"
"08/28/2023","AQS","360050110","5","13","ug/m3 SC","12","IS 52","1","100.0000","81102","PM10 Total 0-10um STP","35620","New York-Newark-Jersey City, NY-NJ-PA","36","New York","005","Bronx","40.816","-73.902"
"09/03/2023","AQS","360050110","5","17","ug/m3 SC","16","IS 52","1","100.0000","81102","PM10 Total 0-10um STP","35620","New York-Newark-Jersey City, NY-NJ-PA","36","New York","005","Bronx","40.816","-73.902"
"09/09/2023","AQS","360050110","5","23","ug/m3 SC","21","IS 52","1","100.0000","81102","PM10 Total 0-10um STP","35620","New York-Newark-Jersey City, NY-NJ-PA","36","New York","005","Bronx","40.816","-73.902"
"01/06/2023","AQS","360810124","1","6","ug/m3 SC","6","QUEENS COLLEGE 2","1","100.0000","81102","PM10 Total 0-10um STP","35620","New York-Newark-Jersey City, NY-NJ-PA","36","New York","081","Queens","40.73614","-73.82153"
"01/12/2023","AQS","360810124","1","12","ug/m3 SC","11","QUEENS COLLEGE 2","1","100.0000","81102","PM10 Total 0-10um STP","35620","New York-Newark-Jersey City, NY-NJ-PA","36","New York","081","Queens","40.73614","-73.82153"
"01/18/2023","AQS","360810124","1","10","ug/m3 SC","9","QUEENS COLLEGE 2","1","100.0000","81102","PM10 Total 0-10um STP","35620","New York-Newark-Jersey City, NY-NJ-PA","36","New York","081","Queens","40.73614","-73.82153"
"01/24/2023","AQS","360810124","1","8","ug/m3 SC","7","QUEENS COLLEGE 2","1","100.0000","81102","PM10 Total 0-10um STP","35620","New York-Newark-Jersey City, NY-NJ-PA","36","New York","081","Queens","40.73614","-73.82153"
"01/30/2023","AQS","360810124","1","17","ug/m3 SC","16","QUEENS COLLEGE 2","1","100.0000","81102","PM10 Total 0-10um STP","35620","New York-Newark-Jersey City, NY-NJ-PA","36","New York","081","Queens","40.73614","-73.82153"
"02/05/2023","AQS","360810124","1","15","ug/m3 SC","14","QUEENS COLLEGE 2","1","100.0000","81102","PM10 Total 0-10um STP","35620","New York-Newark-Jersey City, NY-NJ-PA","36","New York","081","Queens","40.73614","-73.82153"
"02/11/2023","AQS","360810124","1","6","ug/m3 SC","6","QUEENS COLLEGE 2","1","100.0000","81102","PM10 Total 0-10um STP","35620","New York-Newark-Jersey City, NY-NJ-PA","36","New York","081","Queens","40.73614","-73.82153"
"02/17/2023","AQS","360810124","1","11","ug/m3 SC","10","QUEENS COLLEGE 2","1","100.0000","81102","PM10 Total 0-10um STP","35620","New York-Newark-Jersey City, NY-NJ-PA","36","New York","081","Queens","40.73614","-73.82153"
"02/23/2023","AQS","360810124","1","7","ug/m3 SC","6","QUEENS COLLEGE 2","1","100.0000","81102","PM10 Total 0-10um STP","35620","New York-Newark-Jersey City, NY-NJ-PA","36","New York","081","Queens","40.73614","-73.82153"
"03/01/2023","AQS","360810124","1","8","ug/m3 SC","7","QUEENS COLLEGE 2","1","100.0000","81102","PM10 Total 0-10um STP","35620","New York-Newark-Jersey City, NY-NJ-PA","36","New York","081","Queens","40.73614","-73.82153"
"03/07/2023","AQS","360810124","1","6","ug/m3 SC","6","QUEENS COLLEGE 2","1","100.0000","81102","PM10 Total 0-10um STP","35620","New York-Newark-Jersey City, NY-NJ-PA","36","New York","081","Queens","40.73614","-73.82153"
"03/13/2023","AQS","360810124","1","9","ug/m3 SC","8","QUEENS COLLEGE 2","1","100.0000","81102","PM10 Total 0-10um STP","35620","New York-Newark-Jersey City, NY-NJ-PA","36","New York","081","Queens","40.73614","-73.82153"
"03/19/2023","AQS","360810124","1","4","ug/m3 SC","4","QUEENS COLLEGE 2","1","100.0000","81102","PM10 Total 0-10um STP","35620","New York-Newark-Jersey City, NY-NJ-PA","36","New York","081","Queens","40.73614","-73.82153"
"03/25/2023","AQS","360810124","1","7","ug/m3 SC","6","QUEENS COLLEGE 2","1","100.0000","81102","PM10 Total 0-10um STP","35620","New York-Newark-Jersey City, NY-NJ-PA","36","New York","081","Queens","40.73614","-73.82153"
"03/31/2023","AQS","360810124","1","19","ug/m3 SC","18","QUEENS COLLEGE 2","1","100.0000","81102","PM10 Total 0-10um STP","35620","New York-Newark-Jersey City, NY-NJ-PA","36","New York","081","Queens","40.73614","-73.82153"
"04/06/2023","AQS","360810124","1","13","ug/m3 SC","12","QUEENS COLLEGE 2","1","100.0000","81102","PM10 Total 0-10um STP","35620","New York-Newark-Jersey City, NY-NJ-PA","36","New York","081","Queens","40.73614","-73.82153"
"04/12/2023","AQS","360810124","1","26","ug/m3 SC","24","QUEENS COLLEGE 2","1","100.0000","81102","PM10 Total 0-10um STP","35620","New York-Newark-Jersey City, NY-NJ-PA","36","New York","081","Queens","40.73614","-73.82153"
"04/18/2023","AQS","360810124","1","7","ug/m3 SC","6","QUEENS COLLEGE 2","1","100.0000","81102","PM10 Total 0-10um STP","35620","New York-Newark-Jersey City, NY-NJ-PA","36","New York","081","Queens","40.73614","-73.82153"
"04/24/2023","AQS","360810124","1","7","ug/m3 SC","6","QUEENS COLLEGE 2","1","100.0000","81102","PM10 Total 0-10um STP","35620","New York-Newark-Jersey City, NY-NJ-PA","36","New York","081","Queens","40.73614","-73.82153"
"04/30/2023","AQS","360810124","1","4","ug/m3 SC","4","QUEENS COLLEGE 2","1","100.0000","81102","PM10 Total 0-10um STP","35620","New York-Newark-Jersey City, NY-NJ-PA","36","New York","081","Queens","40.73614","-73.82153"
"05/06/2023","AQS","360810124","1","11","ug/m3 SC","10","QUEENS COLLEGE 2","1","100.0000","81102","PM10 Total 0-10um STP","35620","New York-Newark-Jersey City, NY-NJ-PA","36","New York","081","Queens","40.73614","-73.82153"
"05/12/2023","AQS","360810124","1","29","ug/m3 SC","27","QUEENS COLLEGE 2","1","100.0000","81102","PM10 Total 0-10um STP","35620","New York-Newark-Jersey City, NY-NJ-PA","36","New York","081","Queens","40.73614","-73.82153"
"05/18/2023","AQS","360810124","1","5","ug/m3 SC","5","QUEENS COLLEGE 2","1","100.0000","81102","PM10 Total 0-10um STP","35620","New York-Newark-Jersey City, NY-NJ-PA","36","New York","081","Queens","40.73614","-73.82153"
"05/24/2023","AQS","360810124","1","15","ug/m3 SC","14","QUEENS COLLEGE 2","1","100.0000","81102","PM10 Total 0-10um STP","35620","New York-Newark-Jersey City, NY-NJ-PA","36","New York","081","Queens","40.73614","-73.82153"
"05/30/2023","AQS","360810124","1","17","ug/m3 SC","16","QUEENS COLLEGE 2","1","100.0000","81102","PM10 Total 0-10um STP","35620","New York-Newark-Jersey City, NY-NJ-PA","36","New York","081","Queens","40.73614","-73.82153"
"06/08/2023","AQS","360810124","1","70","ug/m3 SC","58","QUEENS COLLEGE 2","1","100.0000","81102","PM10 Total 0-10um STP","35620","New York-Newark-Jersey City, NY-NJ-PA","36","New York","081","Queens","40.73614","-73.82153"
"06/11/2023","AQS","360810124","1","31","ug/m3 SC","29","QUEENS COLLEGE 2","1","100.0000","81102","PM10 Total 0-10um STP","35620","New York-Newark-Jersey City, NY-NJ-PA","36","New York","081","Queens","40.73614","-73.82153"
"06/17/2023","AQS","360810124","1","26","ug/m3 SC","24","QUEENS COLLEGE 2","1","100.0000","81102","PM10 Total 0-10um STP","35620","New York-Newark-Jersey City, NY-NJ-PA","36","New York","081","Queens","40.73614","-73.82153"
"06/23/2023","AQS","360810124","1","9","ug/m3 SC","8","QUEENS COLLEGE 2","1","100.0000","81102","PM10 Total 0-10um STP","35620","New York-Newark-Jersey City, NY-NJ-PA","36","New York","081","Queens","40.73614","-73.82153"
"06/29/2023","AQS","360810124","1","36","ug/m3 SC","33","QUEENS COLLEGE 2","1","100.0000","81102","PM10 Total 0-10um STP","35620","New York-Newark-Jersey City, NY-NJ-PA","36","New York","081","Queens","40.73614","-73.82153"
"07/05/2023","AQS","360810124","1","25","ug/m3 SC","23","QUEENS COLLEGE 2","1","100.0000","81102","PM10 Total 0-10um STP","35620","New York-Newark-Jersey City, NY-NJ-PA","36","New York","081","Queens","40.73614","-73.82153"
"07/17/2023","AQS","360810124","1","22","ug/m3 SC","20","QUEENS COLLEGE 2","1","100.0000","81102","PM10 Total 0-10um STP","35620","New York-Newark-Jersey City, NY-NJ-PA","36","New York","081","Queens","40.73614","-73.82153"
"07/23/2023","AQS","360810124","1","14","ug/m3 SC","13","QUEENS COLLEGE 2","1","100.0000","81102","PM10 Total 0-10um STP","35620","New York-Newark-Jersey City, NY-NJ-PA","36","New York","081","Queens","40.73614","-73.82153"
"07/29/2023","AQS","360810124","1","10","ug/m3 SC","9","QUEENS COLLEGE 2","1","100.0000","81102","PM10 Total 0-10um STP","35620","New York-Newark-Jersey City, NY-NJ-PA","36","New York","081","Queens","40.73614","-73.82153"
"08/04/2023","AQS","360810124","1","17","ug/m3 SC","16","QUEENS COLLEGE 2","1","100.0000","81102","PM10 Total 0-10um STP","35620","New York-Newark-Jersey City, NY-NJ-PA","36","New York","081","Queens","40.73614","-73.82153"
"08/10/2023","AQS","360810124","1","17","ug/m3 SC","16","QUEENS COLLEGE 2","1","100.0000","81102","PM10 Total 0-10um STP","35620","New York-Newark-Jersey City, NY-NJ-PA","36","New York","081","Queens","40.73614","-73.82153"
"08/16/2023","AQS","360810124","1","18","ug/m3 SC","17","QUEENS COLLEGE 2","1","100.0000","81102","PM10 Total 0-10um STP","35620","New York-Newark-Jersey City, NY-NJ-PA","36","New York","081","Queens","40.73614","-73.82153"
"08/22/2023","AQS","360810124","1","12","ug/m3 SC","11","QUEENS COLLEGE 2","1","100.0000","81102","PM10 Total 0-10um STP","35620","New York-Newark-Jersey City, NY-NJ-PA","36","New York","081","Queens","40.73614","-73.82153"
"08/28/2023","AQS","360810124","1","11","ug/m3 SC","10","QUEENS COLLEGE 2","1","100.0000","81102","PM10 Total 0-10um STP","35620","New York-Newark-Jersey City, NY-NJ-PA","36","New York","081","Queens","40.73614","-73.82153"
"09/03/2023","AQS","360810124","1","19","ug/m3 SC","18","QUEENS COLLEGE 2","1","100.0000","81102","PM10 Total 0-10um STP","35620","New York-Newark-Jersey City, NY-NJ-PA","36","New York","081","Queens","40.73614","-73.82153"
"09/09/2023","AQS","360810124","1","21","ug/m3 SC","19","QUEENS COLLEGE 2","1","100.0000","81102","PM10 Total 0-10um STP","35620","New York-Newark-Jersey City, NY-NJ-PA","36","New York","081","Queens","40.73614","-73.82153"
"09/15/2023","AQS","360810124","1","7","ug/m3 SC","6","QUEENS COLLEGE 2","1","100.0000","81102","PM10 Total 0-10um STP","35620","New York-Newark-Jersey City, NY-NJ-PA","36","New York","081","Queens","40.73614","-73.82153"
"09/21/2023","AQS","360810124","1","11","ug/m3 SC","10","QUEENS COLLEGE 2","1","100.0000","81102","PM10 Total 0-10um STP","35620","New York-Newark-Jersey City, NY-NJ-PA","36","New York","081","Queens","40.73614","-73.82153"
